<PAMDataset>
  <Metadata>
    <MDI key="DataType">Thematic</MDI>
  </Metadata>
  <Metadata domain="Esri">
    <MDI key="PyramidResamplingType">NEAREST</MDI>
  </Metadata>
  <PAMRasterBand band="1">
    <Histograms>
      <HistItem>
        <HistMin>-0.5</HistMin>
        <HistMax>95.5</HistMax>
        <BucketCount>96</BucketCount>
        <IncludeOutOfRange>1</IncludeOutOfRange>
        <Approximate>0</Approximate>
        <HistCounts>0|0|0|0|0|0|0|0|0|0|0|3593|0|0|0|0|0|0|0|0|0|107341|31415|13145|4830|0|0|0|0|0|0|554|0|0|0|0|0|0|0|0|0|375564|53938|6025|0|0|0|0|0|0|0|0|30210|0|0|0|0|0|0|0|0|0|0|0|0|0|0|0|0|0|0|20192|0|0|0|0|0|0|0|0|0|902734|26644|0|0|0|0|0|0|0|14|0|0|0|0|243</HistCounts>
      </HistItem>
    </Histograms>
    <GDALRasterAttributeTable>
      <FieldDefn index="0">
        <Name>OID</Name>
        <Type>0</Type>
        <Usage>0</Usage>
      </FieldDefn>
      <FieldDefn index="1">
        <Name>Value</Name>
        <Type>0</Type>
        <Usage>0</Usage>
      </FieldDefn>
      <FieldDefn index="2">
        <Name>Count</Name>
        <Type>1</Type>
        <Usage>0</Usage>
      </FieldDefn>
      <Row index="0">
        <F>0</F>
        <F>11</F>
        <F>4495</F>
      </Row>
      <Row index="1">
        <F>1</F>
        <F>21</F>
        <F>134090</F>
      </Row>
      <Row index="2">
        <F>2</F>
        <F>22</F>
        <F>39180</F>
      </Row>
      <Row index="3">
        <F>3</F>
        <F>23</F>
        <F>16515</F>
      </Row>
      <Row index="4">
        <F>4</F>
        <F>24</F>
        <F>5978</F>
      </Row>
      <Row index="5">
        <F>5</F>
        <F>31</F>
        <F>693</F>
      </Row>
      <Row index="6">
        <F>6</F>
        <F>41</F>
        <F>467903</F>
      </Row>
      <Row index="7">
        <F>7</F>
        <F>42</F>
        <F>67162</F>
      </Row>
      <Row index="8">
        <F>8</F>
        <F>43</F>
        <F>7529</F>
      </Row>
      <Row index="9">
        <F>9</F>
        <F>52</F>
        <F>37690</F>
      </Row>
      <Row index="10">
        <F>10</F>
        <F>71</F>
        <F>25107</F>
      </Row>
      <Row index="11">
        <F>11</F>
        <F>81</F>
        <F>1126723</F>
      </Row>
      <Row index="12">
        <F>12</F>
        <F>82</F>
        <F>33244</F>
      </Row>
      <Row index="13">
        <F>13</F>
        <F>90</F>
        <F>19</F>
      </Row>
      <Row index="14">
        <F>14</F>
        <F>95</F>
        <F>312</F>
      </Row>
    </GDALRasterAttributeTable>
    <Metadata>
      <MDI key="RepresentationType">THEMATIC</MDI>
      <MDI key="STATISTICS_MINIMUM">11</MDI>
      <MDI key="STATISTICS_MAXIMUM">95</MDI>
      <MDI key="STATISTICS_MEAN">63.229726815195</MDI>
      <MDI key="STATISTICS_STDDEV">22.470992726332</MDI>
      <MDI key="STATISTICS_SKIPFACTORX">1</MDI>
      <MDI key="STATISTICS_SKIPFACTORY">1</MDI>
      <MDI key="STATISTICS_EXCLUDEDVALUES"></MDI>
      <MDI key="STATISTICS_COVARIANCES">504.945514106872</MDI>
    </Metadata>
  </PAMRasterBand>
</PAMDataset>
